{
  "D_rod": 0.0057368421052631565,
  "P_over_D": 1.236842105263158,
  "N_side": 21,
  "N_assy": 97,
  "p_assy": 0.1490069252077562,
  "rod_pitch": 0.0070955678670360095,
  "H": 3.174235993869498,
  "R_core": 0.900228763834643,
  "V_total": 6.836343123593557,
  "T_out": 322.0379923368165,
  "T_0_max": 921.0223138532094,
  "margin": 22.7535592667341,
  "rods_per_assy": 441,
  "rods_total": 42777
}